BA,CA,BT,BU,PC,AC,BH,CC,CG,ER,DP,EL,BY,BF,RI,BP,BV,CH,DF,PJ,FP,BC,BO,DL,BL
0.201193434770358,0.00246646942800789,0.237838123415047,0.0556717385178924,0.00528529163144548,0.107819949281488,0.00176176387714849,0.272016342631727,0.0320641025641026,0.0133894054663285,0.0109229360383207,0.0010570583262891,0.0271311637080868,0.151159340659341,0,0.842827838827839,0.0232552831783601,0.0123323471400394,0.0472152719075796,0.0338258664412511,0.000704705550859397,0.200841081994928,0.130722879684418,0.0764605522682446,0.0123323471400394
0.129951219512195,0.00234146341463415,0.285073170731707,0.0591219512195122,0.00526829268292683,0.12,0.000585365853658537,0.258146341463415,0.0427317073170732,0.0140487804878049,0.00702439024390244,0.000585365853658537,0.0298536585365854,0.165073170731707,0,0.698341463414634,0.0146341463414634,0.0187317073170732,0.0743414634146341,0.0321951219512195,0.00117073170731707,0.242341463414634,0.189073170731707,0.0919024390243902,0.0134634146341463
0.0800533254624164,0.00155745769382133,0.166336481700118,0.0361330184966549,0.00280342384887839,0.0744464777646596,0.000622983077528532,0.17381227863046,0.0230503738685557,0.00778728846910665,0.00311491538764266,0,0.018689492325856,0.104661157024793,0,0.485303817394727,0.0155745769382133,0.00996772924045651,0.0439203069657615,0.0236733569460842,0.000311491538764266,0.168516922471468,0.0950049193231012,0.0401824085005903,0.00716430539157812
0.0951734789979281,0.0016131098135242,0.231481258240723,0.0435539649651535,0.00806554906762102,0.104852137879073,0,0.223818986626483,0.023390092296101,0,0.00483932944057261,0.00806554906762102,0.0266163119231494,0.14961593520437,0,0.567411376907139,0.0145179883217178,0.0366982482576757,0.0532326238462987,0.0286326991900546,0,0.200025616877001,0.182281408928235,0.126225842908269,0.0108884912412884
0.0888302731751008,0.00324988804299149,0.293573219883565,0.0509149126735334,0.00649977608598298,0.154911330049261,0.0010832960143305,0.21774249888043,0.0346654724585759,0,0.00541648007165248,0.010832960143305,0.0346654724585759,0.168452530228392,0,0.589854679802956,0.0162494402149575,0.0628311688311688,0.0666227048813256,0.0249158083296014,0,0.258907747424989,0.188493506493506,0.128370577698164,0.0113746081504702
0.096862783286119,0.00296087110481586,0.278321883852691,0.0482199008498584,0.00676770538243626,0.129432365439094,0.00169192634560907,0.205569050991501,0.0266478399433428,0,0.00761366855524079,0.0131124291784703,0.0346844900849858,0.157772131728045,0,0.702995396600567,0.0164962818696884,0.0342615084985836,0.0727528328611898,0.0279167847025496,0.00169192634560907,0.205146069405099,0.176383321529745,0.12689447592068,0.0139583923512748
0.109109346991037,0.00532240717029449,0.295393597951344,0.0512281690140845,0.00665300896286812,0.147696798975672,0.000665300896286812,0.274103969270166,0.031934443021767,0,0.00931421254801537,0.00731830985915493,0.0372568501920615,0.177635339308579,0,0.621391037131882,0.024616133162612,0.0379221510883483,0.103786939820743,0.0306038412291933,0.00133060179257362,0.257471446862996,0.187614852752881,0.16699052496799,0.0126407170294494
0.153523928024502,0.00190122511485452,0.228147013782542,0.0565614471669219,0.00522836906584992,0.11264758805513,0.00047530627871363,0.253813552833078,0.0337467457886677,0.00950612557427259,0.012833269525268,0.0109320444104135,0.0280430704441041,0.172536179173047,0,0.687292879019908,0.0232900076569678,0.0560861408882083,0.0827032924961715,0.0285183767228178,0,0.230048238897397,0.156851071975498,0.127382082695253,0.0109320444104135
0.125365853658537,0.00287536361602148,0.262808234504363,0.046580890579548,0.00862609084806444,0.141467889908257,0.00172521816961289,0.246706198254643,0.0483061087491609,0.0126515999104945,0.00862609084806444,0.0103513090176773,0.031053927053032,0.171946744238085,0,0.684911613336317,0.0247281270977847,0.0644081449988812,0.083385544864623,0.025303199820989,0,0.266258670843589,0.179997762362945,0.107538599239203,0.0143768180801074
0.114260353315957,0.00582218360845642,0.304209093541848,0.0494885606718795,0.00800550246162757,0.122265855777585,0,0.240892846799884,0.0392997393570808,0.0109165942658558,0.00800550246162757,0.0123721401679699,0.0254720532869968,0.179759918911092,0,0.616423689545323,0.0189220967274834,0.0713217492035911,0.0873327541268462,0.0378441934549667,0,0.229976252534028,0.187037648421662,0.130271358239212,0.0123721401679699
0.0889726787620064,0.00190928495197439,0.204293489861259,0.0400949839914621,0.0049641408751334,0.0866815368196372,0,0.192455923159018,0.0252025613660619,0.00878271077908218,0.0034367129135539,0.00649156883671291,0.0282574172892209,0.135559231590181,0,0.417369690501601,0.0141287086446105,0.0431498399146211,0.0626245464247599,0.0286392742796158,0,0.182145784418356,0.125630949839915,0.077898826040555,0.0103101387406617
0.0852040332147094,0.0027485172004745,0.288136219849743,0.0526799130090945,0.0105359826018189,0.12505753262159,0.000458086200079083,0.218049031237643,0.0306917754052985,0.0196977066034006,0.00366468960063266,0.00687129300118624,0.027943258204824,0.171324238829577,0,0.566652629497825,0.0160330170027679,0.0458086200079083,0.088410636615263,0.0306917754052985,0.000458086200079083,0.218965203637802,0.16994998022934,0.122309015421115,0.0146587584025306
0.0565507923608289,0.000966680211296221,0.319004469727753,0.0449506298252743,0.00870012190166599,0.155635514018692,0.000966680211296221,0.240703372612759,0.0362505079236083,0.0159502234863876,0.00725010158472166,0.0106334823242584,0.0386672084518488,0.160952255180821,0,0.495423608289313,0.021750304754165,0.0584841527834214,0.0720176757415685,0.0246503453880536,0.00193336042259244,0.254236895570906,0.20203616416091,0.141135310849248,0.00966680211296221
0.103034435261708,0.00166184573002755,0.276420339761249,0.0565027548209367,0.00775528007346189,0.121868686868687,0.0011078971533517,0.235428145087236,0.0382224517906336,0.0138487144168962,0.00775528007346189,0.0149566115702479,0.0265895316804408,0.194435950413223,0,0.525697199265381,0.022157943067034,0.0465316804407714,0.0902936179981634,0.0348987603305785,0.0011078971533517,0.237089990817264,0.199421487603306,0.14014898989899,0.0144026629935721
0.0997704735376044,0.00319777158774373,0.257740389972145,0.045408356545961,0.0083142061281337,0.16308635097493,0,0.217448467966574,0.0313381615598886,0.0172679665738162,0.00511643454038997,0.0127910863509749,0.0326172701949861,0.180354317548747,0,0.529550974930362,0.0127910863509749,0.0345359331476323,0.0812233983286908,0.0268612813370474,0.000639554317548746,0.223204456824513,0.182912534818941,0.117038440111421,0.0121515320334262
0.106213103205354,0.00341246917928848,0.278116238112011,0.0644103557590701,0.0123702007749207,0.141190912293061,0.0021327932370553,0.182993659739345,0.028579429376541,0.0243138429024304,0,0.014076435364565,0.035404367735118,0.190245156745333,0.00042655864741106,0.519974991194083,0.0328450158506516,0.0678228249383586,0.0865914054244452,0.0226076083127862,0.00085311729482212,0.254655512504403,0.153561113067982,0.183420218386756,0.0153561113067982
0.075428755226761,0.0032795110968157,0.293926182052107,0.0631305886137022,0.0155776777098746,0.191851399163718,0.00163975554840785,0.211118526857511,0.0282857832100354,0.0364845609520746,0,0.0163975554840785,0.0311553554197491,0.216857671276938,0,0.473479414602766,0.022136699903506,0.0676399163718237,0.0926461884850434,0.0225466387906079,0.00122981666130589,0.291056609842393,0.179553232550659,0.193491154712126,0.0200870054679961
0.0704489564106205,0.00345761749254579,0.355702399545648,0.0726099673434616,0.0190168962090018,0.297355104358938,0.000432202186568224,0.268829760045435,0.0384659946045719,0.0311185574329121,0,0.0138304699701832,0.0462456339627999,0.239872213545364,0,0.500057929859435,0.0220423115149794,0.0704489564106205,0.130525060343604,0.0293897486866392,0.00216101093284112,0.341439727388897,0.229067158881159,0.236414596052818,0.0242033224478205
0.0485750134432694,0.00310880086036924,0.27901487721814,0.0477978132281771,0.0143782039792077,0.169429646890124,0.00155440043018462,0.172538447750493,0.0303108083886001,0.0279792077433232,0,0.0132124036565693,0.0361398100017924,0.182253450439147,0.00077720021509231,0.352848897651909,0.0338082093565155,0.0753884208639541,0.0917096253808926,0.022538806237677,0,0.238989066140885,0.175647248610862,0.142227639361893,0.0077720021509231
0.0837367463617464,0.000926975051975052,0.290143191268191,0.0531465696465696,0.00803378378378379,0.12668659043659,0,0.21474922037422,0.0318261434511435,0.012668659043659,0.00710680873180873,0.0095787422037422,0.0349160602910603,0.199299636174636,0,0.51756107068607,0.018539501039501,0.0503656444906445,0.0871356548856549,0.0312081600831601,0,0.281800415800416,0.206097453222453,0.100731288981289,0.011741683991684
0.0557071599760335,0.00210215698022768,0.320929298981426,0.0581596764529658,0.0101604254044338,0.174479029358898,0,0.22247828040743,0.037138106650689,0.0161165368484122,0.00840862792091072,0.00665683043738765,0.0381891851408029,0.205310665068903,0.000350359496704613,0.387497603355303,0.0266273217495506,0.0683201018573996,0.0707726183343319,0.0269776812462552,0.00105107849011384,0.287645146794488,0.210215698022768,0.0966992210904733,0.00700718993409227
0.0816638474550207,0.00385206827618022,0.315869598646778,0.051232508073197,0.0107857911733046,0.170646624634784,0,0.234976164846994,0.0304313393818238,0.016563893587575,0.0100153775180686,0.0107857911733046,0.0362094417960941,0.196840688912809,0,0.51810318314624,0.0157934799323389,0.0485360602798708,0.0905236044902353,0.0285053052437337,0.000770413655236045,0.286979086575427,0.200307550361372,0.130199907734892,0.0154082731047209
0.080444498381877,0.0011121359223301,0.297681715210356,0.0533825242718447,0.0100092233009709,0.191658090614887,0,0.206115857605178,0.0329933656957929,0.0192770226537217,0.00741423948220065,0.00963851132686084,0.034476213592233,0.179424595469256,0,0.438922977346278,0.0185355987055016,0.0467097087378641,0.0989800970873786,0.0289155339805825,0.0011121359223301,0.252825566343042,0.180536731391586,0.0893415857605178,0.011492071197411
0.145221115999074,0,0.267852280620514,0.0478691826811762,0.00699212780736282,0.104881917110442,0,0.235580921509609,0.0328092150960871,0.0150599675850891,0.0048407038666358,0.00968140773327159,0.022052095392452,0.166735355406344,0.00107571197036351,0.558294512618662,0.0182871034961797,0.0564748784440843,0.0876705255846261,0.026354943273906,0.000537855985181755,0.238808057420699,0.179643899050706,0.0865948136142626,0.00968140773327159
0.092712289841345,0,0.298087615439261,0.0569183045228511,0.00880179966848212,0.116770542268529,0.00176035993369642,0.236475017759886,0.045769358276107,0.0193639592706607,0.00821501302391665,0.0093885863130476,0.0281657589391428,0.193639592706607,0.000586786644565475,0.583852711342647,0.0228846791380535,0.0616125976793748,0.100340516220696,0.0340336253847975,0.00176035993369642,0.26581434998816,0.171341700213119,0.101514089509827,0.0176035993369642
0.101691581822697,0,0.332012912838341,0.0592639682145518,0.0134690836851254,0.139405016141048,0.00336727092128135,0.272075490439533,0.0505090638192203,0.0195301713434318,0.00606108765830643,0.0121221753166129,0.0451214303451701,0.210117705487956,0.00202036255276881,0.535396076483735,0.0195301713434318,0.0693657809783958,0.0963039483486467,0.0397337968711199,0.00134690836851254,0.313829649863422,0.237055872858207,0.117181028060591,0.0134690836851254
0.0804758064516129,0,0.326045362903226,0.0615403225806452,0.0100594758064516,0.136690524193548,0.00118346774193548,0.234326612903226,0.0366875,0.0147933467741935,0.00414213709677419,0.0100594758064516,0.0408296370967742,0.16509375,0,0.446167338709678,0.0307701612903226,0.0544395161290323,0.0869848790322581,0.0301784274193548,0.00177520161290323,0.265688508064516,0.211248991935484,0.0899435483870968,0.00887600806451613
0.080440404040404,0.000935353535353535,0.303054545454545,0.0570565656565657,0,0.163686868686869,0,0.223549494949495,0.0378818181818182,0.0177717171717172,0.00654747474747475,0.00748282828282828,0.0383494949494949,0.189876767676768,0.000935353535353535,0.482174747474747,0.0159010101010101,0.0434939393939394,0.0944707070707071,0.026189898989899,0.000467676767676768,0.24599797979798,0.184264646464646,0.0832464646464647,0.0112242424242424
0.0483412132024977,0.000531222123104371,0.315014719000892,0.047278768956289,0,0.213020071364853,0.00212488849241748,0.234800178412132,0.0424977698483497,0.0239049955396967,0.00849955396966994,0.00690588760035682,0.0387792149866191,0.203989295272078,0,0.35857493309545,0.028685994647636,0.0594968777876896,0.108900535236396,0.0355918822479929,0.000531222123104371,0.303327832292596,0.199208296164139,0.0903077609277431,0.0111556645851918
0.0714603174603174,0.00223313492063492,0.310852380952381,0.0509154761904762,0,0.171504761904762,0.00178650793650794,0.216614087301587,0.0397498015873016,0.0160785714285714,0.00669940476190476,0.0138454365079365,0.0343902777777778,0.168825,0.00178650793650794,0.43099503968254,0.0187583333333333,0.0419829365079365,0.0982579365079365,0.0259043650793651,0.000446626984126984,0.237158928571429,0.184456944444444,0.0942382936507936,0.0111656746031746
0.0748421052631579,0.00331578947368421,0.307894736842105,0.0483157894736842,0,0.185210526315789,0.000947368421052632,0.249631578947368,0.0355263157894737,0.0184736842105263,0.00284210526315789,0.0113684210526316,0.0350526315789474,0.171947368421053,0.000473684210526316,0.373263157894737,0.0189473684210526,0.0487894736842105,0.112736842105263,0.0232105263157895,0.000947368421052632,0.282315789473684,0.191842105263158,0.0966315789473684,0.00947368421052632
0.122324274013403,0.00216120625465376,0.277066641846612,0.0514367088607595,0.00605137751303053,0.118866344005957,0.000864482501861504,0.219578555472822,0.0280956813104989,0.0121027550260611,0.00734810126582278,0.00907706626954579,0.0289601638123604,0.181973566641847,0.00129672375279226,0.554133283693224,0.0272311988086374,0.0613782576321668,0.0752099776619509,0,0.00172896500372301,0.249835443037975,0.180676842889054,0.0955253164556962,0.00864482501861505
0.0961880611905554,0.00256501496508148,0.325756900565348,0.0632703691386764,0.0102600598603259,0.126540738277353,0.00256501496508148,0.253081476554706,0.0389027269704024,0.0200926172264716,0.00855004988360492,0.00983255736614566,0.0423227469238444,0.224011306950449,0.000427502494180246,0.523690555370802,0.0324901895576987,0.0718204190222813,0.0897755237778517,0,0.00128250748254074,0.296686730961091,0.227431326903891,0.0893480212836714,0.0132525773195876
0.0983364004416636,0.00429885903570114,0.415377254324623,0.0671696724328303,0.0118218623481781,0.165506072874494,0.00107471475892529,0.270290761869709,0.0478248067721752,0.0171954361428046,0.00913507545086493,0.0107471475892529,0.0515863084284137,0.249333824070666,0,0.535745307324255,0.0322414427677586,0.0892013249907987,0.108008833271991,0,0.00161207213838793,0.335848362164152,0.254707397865293,0.12412955465587,0.0161207213838793
0.0869480878763222,0.00262343368592351,0.336549064279902,0.0528434499593165,0.00637119609438568,0.14953572009764,0.000374776240846216,0.202379170056957,0.0378524003254679,0.017239707078926,0.00712074857607811,0.00936940602115541,0.0314812042310822,0.207251261187958,0,0.425371033360456,0.0221117982099268,0.0472218063466233,0.0869480878763222,0,0,0.281456956875508,0.203503498779496,0.0775786818551668,0.0104937347436941
0.063404213036566,0.00253616852146264,0.304903815580286,0.0532595389507154,0.00563593004769475,0,0.00253616852146264,0.209656597774245,0.0371971383147854,0.00732670906200318,0.00394515103338633,0.00619952305246423,0.0360699523052464,0.195284976152623,0.000845389507154213,0.491734896661367,0.0211347376788553,0.0493143879173291,0.0752396661367249,0.0324065977742448,0.000563593004769475,0.269115659777424,0.173304848966614,0.0763668521462639,0.00901748807631161
0.0429766695205479,0.00138634417808219,0.310541095890411,0.0536053082191781,0.00600749143835617,0,0.000924229452054795,0.219042380136986,0.0388176369863014,0.00970440924657534,0.00785595034246575,0.00831806506849315,0.0374312928082192,0.190853381849315,0.000462114726027397,0.410357876712329,0.0341964897260274,0.0878017979452055,0.0776352739726027,0.0318859160958904,0.000462114726027397,0.29298073630137,0.210724315068493,0.079021618150685,0.00600749143835617
0.0595022749431264,0.00261959701007475,0.358510562235944,0.050520799480013,0.00972993175170621,0,0.00299382515437114,0.254849366265843,0.0306867078323042,0.00860724731881703,0.012349528761781,0.0052391940201495,0.0411650958726032,0.1867398440039,0,0.437098472538186,0.0258217419564511,0.0707291192720182,0.110397302567436,0.0232021449463763,0.000748456288592785,0.295266005849854,0.218175008124797,0.0901889827754306,0.00785879103022424
0.0619598017621145,0.00116905286343612,0.326945117474303,0.0576732745961821,0.0066246328928047,0,0.00194842143906021,0.236538362701909,0.0327334801762115,0.00779368575624082,0.00740400146842878,0.0066246328928047,0.0327334801762115,0.192504038179148,0.00194842143906021,0.385008076358297,0.018704845814978,0.0518280102790015,0.107942547723935,0.0307850587371513,0,0.259140051395007,0.197569933920705,0.0865099118942731,0.0109111600587372
0.128159878573236,0.0016863141917531,0.290046040981533,0.0528378446749304,0.00618315203642803,0.127597773842651,0,0,0.0477789020996711,0.0213599797622059,0.0050589425752593,0.0101178851505186,0.0376610169491525,0.191115608398685,0,0.514325828484695,0.0320399696433089,0.0646420440172021,0.10174095623577,0.0236083986845434,0.00112420946116873,0.229900834809006,0.198985074626866,0.123663040728561,0.0118041993422717
0.0932431328036322,0.00325266742338252,0.344782746878547,0.0580059023836549,0.010300113507378,0.155585925085131,0.00054211123723042,0,0.0498742338251986,0.0173475595913734,0.0081316685584563,0.0054211123723042,0.0298161180476731,0.223349829738933,0,0.523679455164586,0.0222265607264472,0.0569216799091941,0.106253802497162,0.0309003405221339,0.00162633371169126,0.290029511918275,0.212507604994325,0.132275141884222,0.0113843359818388
0.095467807486631,0.00203122994652406,0.356480855614973,0.0614447058823529,0.0132029946524064,0.165545240641711,0.00101561497326203,0,0.0421480213903743,0.0198044919786096,0.0101561497326203,0.0111717647058824,0.0446870588235294,0.223943101604278,0.000507807486631016,0.44991743315508,0.0187888770053476,0.0573822459893048,0.127459679144385,0.0350387165775401,0.00152342245989305,0.272184812834225,0.211247914438503,0.139139251336898,0.0121873796791444
0.0832080659945005,0.000467461044912924,0.327222731439047,0.0542254812098992,0.0154262144821265,0.143510540788268,0.000467461044912924,0,0.0359945004582951,0.0163611365719523,0.00607699358386801,0.00794683776351971,0.0322548120989918,0.202410632447296,0,0.355270394133822,0.0313198900091659,0.0448762603116407,0.100971585701192,0.0238405132905591,0,0.274399633363886,0.188386801099908,0.0878826764436297,0.00701191567369386
0,0.00190198159943383,0.32105449398443,0.0467887473460722,0.00608634111818825,0.204272823779193,0.0011411889596603,0.227476999292286,0.0353768577494692,0.0159766454352442,0.00570594479830149,0.0102707006369427,0.0296709129511677,0.174221514508139,0.000380396319886766,0.360996107572541,0.0190198159943383,0.0407024062278839,0.0928167020523708,0.0213021939136589,0,0.241171266808209,0.198947275300778,0.0867303609341826,0.00798832271762208
0,0.00154941682013505,0.35688234090444,0.0562954777982402,0.00929650092081031,0.246873746674852,0,0.256170247595662,0.0511307550644567,0.0196259463883773,0.00671413955391856,0.00826355637405361,0.0418342541436464,0.210204215264989,0,0.389936566400655,0.0325377532228361,0.0790202578268877,0.108975649682832,0.0278895027624309,0,0.298520974012687,0.211753632085124,0.101745037855535,0.00878002864743196
0,0.000815581482875423,0.305843056078284,0.0440414000752729,0.00734023334587881,0.212866767030486,0.000407790741437712,0.20674990590892,0.0354777945050809,0.0256908167105758,0.00652465186300339,0.00815581482875423,0.0318076778321415,0.175350018818216,0.000815581482875423,0.359671433948062,0.0224284907790741,0.0440414000752729,0.100316522393677,0.0244674444862627,0.000407790741437712,0.258947120812947,0.189622694768536,0.0970541964621754,0.00815581482875423
0,0.00164401746724891,0.35428576419214,0.0583626200873362,0.00575406113537118,0.246191615720524,0,0.209612227074236,0.0295923144104804,0.0201392139737991,0.00328803493449782,0.00986410480349345,0.0374013973799127,0.213722270742358,0.000411004366812227,0.375246986899563,0.030825327510917,0.0521975545851528,0.109738165938865,0.0304143231441048,0,0.266330829694323,0.202214148471616,0.0854889082969432,0.00945310043668122
0.15717594983401,0.00240575433419402,0.290695315381778,0.0617476945776466,0.0128306897823681,0.226541866469937,0.00200479527849502,0.318762449280708,0.0380911102914054,0.0300719291774253,0.00521246772408705,0.00601438583548506,0.0437045370711915,0.182436370343047,0.000400959055699004,0,0.0176421984507562,0.0669601623017337,0.109862781261527,0.0296709701217263,0.000400959055699004,0.242580228697897,0.176822943563261,0.0902157875322759,0.0605448174105496
0.152351802990325,0.00419613016710642,0.316000879507476,0.0509991204925242,0.0151706244503078,0.204642040457344,0.00129111697449428,0.272748460861917,0.0432524186455585,0.0309868073878628,0.00613280562884785,0.00806948109058927,0.0348601583113456,0.192053649956025,0,0,0.0261451187335092,0.0784353562005277,0.112004397537379,0.0290501319261214,0.000645558487247142,0.277267370272647,0.188825857519789,0.0939287598944591,0.0622963940193492
0.118991680532446,0.00615474209650582,0.361078202995008,0.0550507487520799,0.0167545757071547,0.291324459234609,0.000683860232945091,0.331672212978369,0.0458186356073211,0.0509475873544093,0.00547088186356073,0.00683860232945091,0.0393219633943428,0.204816139767055,0,0,0.0191480865224626,0.0889018302828619,0.13027537437604,0.0297479201331115,0.000341930116472546,0.307053244592346,0.196951747088186,0.107366056572379,0.0495798668885191
0.132820223132326,0.00206609235983618,0.304896201101539,0.0540135574071459,0.0188899872899308,0.224318599067928,0.000590312102810338,0.267116226521678,0.0360090382714306,0.0430927835051546,0.00708374523372405,0.0047224968224827,0.0433879395565598,0.162926140375653,0,0,0.0156432707244739,0.0655246434119475,0.116586640305042,0.0268592006778704,0,0.274199971755402,0.172371134020619,0.0829388504448524,0.0333526338087841
0.0905592597632331,0.00192679276091985,0.347143829092393,0.0555558579398558,0.00995509593141924,0.181439651653286,0.000321132126819976,0.240527962988162,0.039499251598857,0.0199101918628385,0.00578037828275956,0.00802830317049939,0.0407837801061369,0.190110219077426,0,0.432243842699687,0.0195890597360185,0.0468852905157164,0.0960185059191727,0.0276173629065179,0.000321132126819976,0.299616274323037,0.193963804599265,0,0.0122030208191591
0.0580940988835726,0.0011244019138756,0.349688995215311,0.0607177033492823,0.00862041467304625,0.218508771929825,0.00149920255183413,0.209888357256778,0.0427272727272727,0.0247368421052632,0.00974481658692185,0.00824561403508772,0.0356060606060606,0.206140350877193,0,0.369928229665072,0.0251116427432217,0.0659649122807018,0.0798325358851675,0.0371052631578947,0.000749601275917065,0.304712918660287,0.222631578947368,0,0.00824561403508772
0.102979891855357,0.00434014869888476,0.319987326799594,0.056027374112876,0.00670750253464008,0.210694491382224,0,0.218191111862116,0.0406395741804664,0.0236735383575532,0.00552382561676242,0.0118367691787766,0.0323538357553227,0.202803311929706,0,0.402450152078405,0.0256463332206827,0.0469525177424806,0.109292835417371,0.0307755998648192,0.00118367691787766,0.277374957755999,0.196095809395066,0,0.0090748563703954
0.0974463466290152,0.000808683374514649,0.310534415813625,0.0469036357218496,0.00929985880691846,0.220770561242499,0.000404341687257324,0.21308806918461,0.0327516766678433,0.0210257677373809,0.00606512530885987,0.00808683374514649,0.0315386516060713,0.206618602188493,0,0.411215495940699,0.0242605012354395,0.0416471937875044,0.112406989057536,0.0246648429226968,0.00121302506177197,0.272930638898694,0.186805859512884,0,0.0105128838686904
0.100960058899319,0.0020946070311062,0.298272041229523,0.0494327259341064,0.00963519234308853,0.129027793116142,0.0020946070311062,0.205271489048408,0,0.0196893060923983,0.00879734953064605,0.00879734953064605,0.033094791091478,0.204014724829744,0,0.504381373090374,0.0150811706239647,0.0548787042149825,0.0628382109331861,0.0322569482790355,0.000418921406221241,0.232501380452789,0.20946070311062,0.0775004601509295,0.0146622492177434
0.084266392035702,0.000773086165465156,0.301890147614143,0.0483178853415722,0.00618468932372125,0.135676622039135,0.00115962924819773,0.195204256779952,0,0.0216464126330244,0.00618468932372125,0.0108232063165122,0.0417466529351185,0.209119807758325,0,0.502119464469619,0.0150751802265705,0.0448389975969791,0.0680315825609337,0.0282176450394782,0,0.243135599038792,0.197523515276347,0.0765355303810504,0.0131424648129077
0.0960309209426709,0.00182049139227812,0.394591509276283,0.0618967073374561,0.0141088082901554,0.238484372388434,0.00227561424034765,0.236208758148086,0,0.030038107972589,0.0113780712017383,0.00910245696139061,0.0423264248704663,0.243490723717199,0,0.487436570282467,0.0172946682266422,0.0618967073374561,0.0960309209426709,0.0314034765167976,0,0.282631288651178,0.26169563763998,0.0896592010696975,0.0127434397459468
0.0619018174634532,0.00249269063611221,0.309924535756618,0.0535928486764125,0.00664717502963256,0.1429142631371,0.00083089687870407,0.165763927301462,0,0.0203569735282497,0.00540082971157645,0.0128789016199131,0.036144014223627,0.1940144211774,0,0.407554919004346,0.0249269063611221,0.0490229158435401,0.0743652706440143,0.0311586329514026,0.000415448439352035,0.239713749506124,0.197338008692217,0.0544237455551166,0.0103862109838009
0.0792306298142275,0.00107068418667875,0.429701253587071,0.064241051200725,0.00999305240900166,0.229126415949252,0.00142757891557167,0.20557136384232,0.03426189397372,0.0182016311735387,0.00285515783114333,0.0110637365956804,0.0524635251472587,0,0,0.41114272768464,0.0281946835825404,0.0410428938226854,0.0863685243920858,0.0371170518048633,0.000356894728892916,0.278734783265368,0.263031415194079,0.0645979459296179,0.0124913155112521
0.0775708805261235,0.00175301424917793,0.44964815491414,0.077132626963829,0.0109563390573621,0.248489769820972,0.00131476068688345,0.187572524662039,0.0447018633540373,0.024542199488491,0.00964157837047863,0.0109563390573621,0.0477696382900987,0,0,0.430803251735477,0.0385663134819145,0.0447018633540373,0.0959775301424918,0.0341837778589697,0.000438253562294483,0.281797040555353,0.205102667153818,0.0670527950310559,0.00788856412130069
0.0868679372575477,0.00262101534828808,0.393901163771294,0.0591600607185023,0.00936076910102884,0.225781750716816,0.00149772305616461,0.18496879743633,0.0344476302917861,0.0247124304267161,0.00673975375274077,0.0104840613931523,0.0378175071681565,0,0,0.376302917861359,0.0280823073030865,0.0381919379321977,0.108210490807893,0.0280823073030865,0,0.250494181143532,0.208932366334964,0.0928588294822061,0.00973519986506999
0.104327889849504,0.00337752161383285,0.389916106308037,0.0604201088696766,0.0153864873519052,0.249186039065002,0.000375280179314761,0.204527697726545,0.0326493756003842,0.0225168107588857,0.00637976304835094,0.0112584053794428,0.0461594620557157,0,0,0.402675632404739,0.0228920909382004,0.0360268972142171,0.107705411463337,0.0345257764969581,0.00112584053794428,0.264572526416907,0.2364265129683,0.0784335574767851,0.0120089657380724
0.140779094302873,0.00165622463885733,0.358572634312612,0.0670770978737218,0.00869517935400098,0.176387924038305,0,0.184254991072878,0.0434758967700049,0.0128357409511443,0.00662489855542932,0.00952329167342964,0.0426477844505762,0.245949358870313,0.000414056159714332,0.614045284856355,0.0211168641454309,0.0529991884434345,0.0666630417140075,0.0360228858951469,0.000414056159714332,0.365197532868041,0,0.0852955689011524,0.00952329167342964
0.117536742983752,0.00315232644017725,0.384583825701625,0.0643975258493353,0.010807976366322,0.158516986706056,0.00045033234859675,0.184185930576071,0.0499868906942393,0.016211964549483,0.00765564992614476,0.00765564992614476,0.0499868906942393,0.238225812407681,0,0.560213441654357,0.0171126292466765,0.0499868906942393,0.0684505169867061,0.0292716026587888,0.00135099704579025,0.319735967503693,0,0.0860134785819793,0.0130596381093058
0.101519548569125,0.00228133817009271,0.473377670294236,0.0749039365847105,0.0117869138788123,0.2345976084912,0.00114066908504635,0.244863630256617,0.0517103318554346,0.0231936047292758,0.00684401451027811,0.00608356845358055,0.0498092167136907,0.25969232836222,0,0.517103318554346,0.0163495902189977,0.0619763536208518,0.0942953110304985,0.0403036410049711,0.00114066908504635,0.438777374714497,0,0.101899771597474,0.0163495902189977
0.0800310531053105,0.00202610261026103,0.394752325232523,0.0597700270027003,0.00844209420942094,0.162425892589259,0.000337683768376838,0.162425892589259,0.037482898289829,0.0138450345034503,0.00438988898889889,0.00877977797779778,0.03950900090009,0.234014851485149,0,0.466003600360036,0.0219494449444944,0.0496395139513951,0.0543670867086709,0.0347814281428143,0.000675367536753675,0.337683768376838,0,0.0661860186018602,0.0111435643564356
0.110507179554736,0.000891186931893031,0,0.056738901330523,0.0124766170465024,0.248344091687525,0.000594124621262021,0.169622579370307,0.0332709787906732,0.00980305625082334,0.00772362007640627,0.0112883678039784,0.0439652219733895,0.248641153998156,0,0.457475958371756,0.0249532340930049,0.0415887234883415,0.0695125806876564,0.0305974179949941,0.000594124621262021,0.330333289421684,0.253097088657621,0.0810980108022659,0.0109913054933474
0.0809203539823009,0.000955752212389381,0,0.0649911504424779,0.00923893805309734,0.268566371681416,0.00127433628318584,0.158336283185841,0.0379115044247788,0.0114690265486726,0.00541592920353982,0.00700884955752212,0.0509734513274336,0.275256637168142,0,0.450477876106195,0.0331327433628319,0.0512920353982301,0.0640353982300885,0.0347256637168142,0.000955752212389381,0.351716814159292,0.233522123893805,0.0694513274336283,0.00509734513274336
0.106539172358377,0.00153073523503415,0,0.0551064684612294,0.0122458818802732,0.267878666130976,0,0.158890317396545,0.0330638810767376,0.0128581759742869,0.00642908798714343,0.0140827641623142,0.0456159100040177,0.251652872639614,0,0.417278425070309,0.0214302932904781,0.0434728806749699,0.0719445560466051,0.0312269987946967,0.00122458818802732,0.355742868621936,0.270327842507031,0.097354760948172,0.00949055845721173
0.122560387893036,0.00158756979136056,0,0.0514372612400823,0.00476270937408169,0.27052189244784,0,0.158439465177784,0.0406417866588305,0.00952541874816338,0.00571525124889803,0.00603276520717014,0.0358790772847488,0.24797840141052,0,0.379111666176903,0.02254349103732,0.0342915074933882,0.0784259476932119,0.0304813399941228,0.000635027916544226,0.345137672641787,0.226069938289744,0.0790609756097561,0.0098429327064355
0.103966778149387,0.000512151616499443,0.285780602006689,0,0.00614581939799331,0.141353846153846,0,0.221761649944259,0.0389235228539576,0.0184374581939799,0.00665797101449275,0.00512151616499443,0.0338020066889632,0.178740914158305,0,0.508054403567447,0.0174131549609811,0.0419964325529543,0.0737498327759197,0.0291926421404682,0,0.28475629877369,0.19256900780379,0.0967966555183946,0.00973088071348941
0.0962600732600733,0.00145848595848596,0.309685185185185,0,0.00875091575091575,0.143903947903948,0.000486161986161986,0.236760887260887,0.034517501017501,0.0155571835571836,0.00583394383394383,0.0102094017094017,0.0432684167684168,0.193978632478633,0,0.472063288563289,0.0228496133496134,0.0578532763532763,0.0855645095645096,0.0286835571835572,0,0.316005291005291,0.20321571021571,0.0884814814814815,0.0116678876678877
0.101402632467094,0.00438761390482619,0.408535605804927,0,0.0112127910901114,0.181842220722241,0.000975025312183598,0.29543266959163,0.0438761390482619,0.0185254809314884,0.00682517718528518,0.0126753290583868,0.0516763415457307,0.251069017887276,0,0.508963212959838,0.019500506243672,0.0692267971650354,0.102377657779278,0.0380259871751603,0.0014625379682754,0.381234897063787,0.249118967262909,0.118953088086399,0.0102377657779278
0.0932625899280576,0.00110588051298092,0.351301376290272,0,0.00847841726618705,0.153717391304348,0.000368626837660307,0.24034469815452,0.0309646543634658,0.0147450735064123,0.00626665624022521,0.0114274319674695,0.0383371911166719,0.21601532686894,0,0.416179699718486,0.0187999687206756,0.0364940569283703,0.0873645605254926,0.0291215201751642,0.000368626837660307,0.30116812636847,0.210485924304035,0.0788861432593056,0.0106901782921489
0.0879109754137876,0.00109432749477744,0.329757351759601,0.0554459264020569,0.00693074080025711,0.191507311586052,0.00109432749477744,0.214123413144785,0.0295468423589908,0.0171444640848465,0.00693074080025711,0.00875461995821951,0.0364775831592479,0.188953880764904,0,0.407089828057207,0,0.0372071348224329,0.0733199421500883,0.0244399807166961,0.00036477583159248,0.268475012052065,0.205004017354973,0.0693074080025711,0.00911939578981199
0.0722552263224868,0.00197418651154336,0.339165242683149,0.0501443373932012,0.00987093255771678,0.194654790038175,0,0.171359389201963,0.031192146882385,0.0197418651154336,0.00592255953463007,0.0082915833484821,0.0307973095800764,0.210448282130522,0,0.348641337938557,0,0.0442217778585712,0.0643584802763134,0.0284282857662243,0.000394837302308671,0.288626067987639,0.180045809852754,0.0619894564624614,0.00908125795309943
0.0781667417079394,0.00280279153534444,0.324500975536545,0.0432875581569864,0.00622842563409876,0.190901245685127,0.000622842563409875,0.198375356446045,0.0258479663815098,0.0208652258742308,0.00591700435239382,0.00747411076091851,0.0320763920156086,0.181870028515684,0,0.286507579168543,0,0.0379933963680024,0.085018009905448,0.0246022812546901,0.000311421281704938,0.252874080744409,0.185295662614438,0.0762982140177098,0.00716268947921357
0.0872460101206695,0.00151732191514208,0.342156091864539,0.0193458544180615,0.0037933047878552,0.179802646944336,0,0.143766251459712,0.0303464383028416,0.0140352277150642,0.00341397430906968,0.00910393149085247,0.0337604126119113,0.168802063059556,0,0.348225379525107,0,0.00606928766056831,0.077383417672246,0.0246564811210588,0.00037933047878552,0.254151420786298,0.138076294277929,0.0550029194239003,0.00758660957571039
0.132741446808511,0.0023703829787234,0.360693276595745,0.0533336170212766,0.0102716595744681,0.172642893617021,0.000790127659574468,0.260347063829787,0.0363458723404255,0.0205433191489362,0.00829634042553191,0.00908646808510638,0.0426668936170213,0.205828255319149,0,0.496200170212766,0.0193581276595745,0.0529385531914894,0.0790127659574468,0.0335804255319149,0.0011851914893617,0,0.224001191489362,0.0845436595744681,0.0138272340425532
0.112760679177837,0.00086076854334227,0.385193923145666,0.0654184092940125,0.00817730116175156,0.18592600536193,0.0012911528150134,0.24661018766756,0.0378738159070599,0.0189369079535299,0.00559499553172475,0.0111899910634495,0.0456207327971403,0.238432886505809,0.000430384271671135,0.495372296693476,0.0180761394101877,0.0675703306523682,0.0710134048257373,0.0361522788203753,0.0012911528150134,0,0.247040571939232,0.0899503127792672,0.015924218051832
0.123729582577133,0.00204174228675136,0.497368421052632,0.0841197822141561,0.017967332123412,0.264201451905626,0.00122504537205082,0.334845735027223,0.0485934664246824,0.0240925589836661,0.0073502722323049,0.0126588021778584,0.0457350272232305,0.294827586206897,0.000408348457350272,0.488384754990926,0.0240925589836661,0.0649274047186933,0.113929219600726,0.04491833030853,0.000816696914700545,0,0.296460980036298,0.119237749546279,0.0122504537205082
0.0990297339593114,0.00106103286384977,0.39222848200313,0.0558810641627543,0.00742723004694835,0.234134585289515,0,0.252879499217527,0.0392582159624413,0.0201596244131455,0.00742723004694835,0.00919561815336463,0.0495148669796557,0.2238779342723,0,0.391521126760563,0.019452269170579,0.0385508607198748,0.0976150234741784,0.0233427230046948,0.00070735524256651,0,0.215035993740219,0.0728575899843505,0.00848826291079812
0.0856548420895075,0.00197665020206556,0.349867085765604,0.049416255051639,0.00922436760963927,0.130788355036671,0.00098832510103278,0.190087861098638,0.0339324951354588,0.0210842688220326,0.0065888340068852,0.00362385870378686,0,0.191076186199671,0,0.455288429875767,0.0191076186199671,0.0237198024247867,0.0642411315671307,0.0283319862296063,0.00065888340068852,0.279696003592277,0.172298009280048,0.0705005238736716,0.0121893429127376
0.0829364705882353,0.00259176470588235,0.354331260504202,0.0547973109243698,0.00962655462184874,0.184755798319328,0.000370252100840336,0.169205210084034,0.0251771428571429,0.0174018487394958,0.00703478991596639,0.00740504201680673,0,0.205489915966387,0.000370252100840336,0.379508403361345,0.0192531092436975,0.0348036974789916,0.0633131092436975,0.0344334453781513,0.000740504201680672,0.26473025210084,0.20956268907563,0.0655346218487395,0.0092563025210084
0.100409402241594,0.00148754669987547,0.357383094645081,0.061361301369863,0.0089252801992528,0.201934464508095,0.0022313200498132,0.234660491905355,0.0297509339975093,0.0208256537982565,0.00632207347447074,0.00706584682440847,0,0.185571450809465,0,0.383043275217933,0.0245445205479452,0.0319822540473225,0.0937154420921544,0.0338416874221669,0,0.288212173100872,0.209744084682441,0.0944592154420922,0.011156600249066
0.0958266790467348,0.00226617146394305,0.345753017641597,0.0437047353760446,0.0045323429278861,0.177408851748685,0.000647477561126586,0.179027545651501,0.0258991024450634,0.0158632002476014,0.00420860414732281,0.00356112658619622,0,0.187444753946147,0,0.358378830083565,0.0152157226864748,0.0255753636645002,0.0955029402661715,0.0278415351284432,0.000647477561126586,0.245717734447539,0.168344165892912,0.0585967192819561,0.0093884246363355
0.117670345576262,0.00370291297267957,0.279775646824679,0.0555436945901936,0.00617152162113262,0.0954528677401846,0.00082286954948435,0.241100777998914,0.0312690428804053,0.0144002171159761,0.0119316084675231,0.00288004342319522,0.0267432603582414,0.200368735299439,0,0.609746336167903,0.0082286954948435,0.0242746517097883,0,0.0316804776551475,0.000411434774742175,0.231637778179844,0.182265605210783,0.0868127374705989,0.0111087389180387
0.100002054442732,0.000775209724362267,0.314347543228899,0.0496134223591851,0.0100777264167095,0.109692175997261,0.0011628145865434,0.235663756206129,0.0352720424584831,0.0139537750385208,0.0081397021058038,0.00387604862181133,0.0236438965930491,0.186050333846944,0,0.541871597329224,0.0108529361410717,0.0352720424584831,0,0.0310083889744907,0.0011628145865434,0.280238315356959,0.173646978257148,0.0833350453689436,0.0131785653141585
0.115540511231603,0.00134872192099148,0.416305499612703,0.0683352439969016,0.00764275755228505,0.154653446940356,0.000899147947327653,0.31605050348567,0.0404616576297444,0.0220291247095275,0.00809233152594888,0.00224786986831913,0.041360805577072,0.249513555383424,0,0.685600309837336,0.0161846630518978,0.0323693261037955,0,0.0355163439194423,0.00134872192099148,0.312453911696359,0.239622927962819,0.120935398915569,0.0125880712625871
0.0832393019726859,0.00167147192716237,0.31891684370258,0.050812746585736,0.00568300455235205,0.139066464339909,0.000334294385432473,0.234006069802731,0.0364380880121396,0.0173833080424886,0.00768877086494689,0.00200576631259484,0.025406373292868,0.199239453717754,0,0.464669195751138,0.0130374810318665,0.0227320182094082,0,0.031757966616085,0.000668588770864947,0.270778452200304,0.184530500758725,0.0798963581183612,0.012703186646434
0.194070348559605,0.00383033582683432,0.222585070826039,0.0621365589686456,0.00383033582683432,0.109377367499602,0.00127677860894477,0.321322616584434,0.0451128441827153,0.0136189718287442,0.00851185739296515,0.00808626452331689,0.0238332007003024,0.167257997771765,0,0.792028330415407,0.0114910074805029,0.0140445646983925,0.0868209454082445,0.0336218367022123,0.00170237147859303,0.24173674996021,0.19534712716855,0.11235651758714,0
0.13521130952381,0.00298809523809524,0.224107142857143,0.0590148809523809,0.0082172619047619,0.126247023809524,0.00112053571428571,0.294327380952381,0.0332425595238095,0.0179285714285714,0.00672321428571429,0.0104583333333333,0.0239047619047619,0.135958333333333,0.000373511904761905,0.792592261904762,0.0100848214285714,0.0242782738095238,0.0754494047619048,0.0328690476190476,0,0.224480654761905,0.173683035714286,0.0959925595238095,0
0.113623906705539,0.00206588921282799,0.244463556851312,0.0568119533527697,0.00344314868804665,0.134971428571429,0.00103294460641399,0.291290379008746,0.0272008746355685,0.0148055393586006,0.0106737609329446,0.00964081632653061,0.0220361516034985,0.148399708454811,0,0.653853935860058,0.00998513119533528,0.0275451895043732,0.0764379008746356,0.0340871720116618,0.000344314868804665,0.216229737609329,0.162172303206997,0.100884256559767,0
0.108920968600319,0.0018672166045769,0.234024481106972,0.0525932676955827,0.00435683874401277,0.116389835018627,0.00124481106971793,0.270124002128792,0.0311202767429484,0.0112032996274614,0.00840247472059606,0.00995848855774348,0.0236514103246408,0.148754922831293,0,0.669397152740819,0.00404563597658329,0.0239626130920702,0.0687758116019159,0.028941857370942,0.000933608302288451,0.224377195316658,0.176451969132517,0.119501862692922,0
0.132297066583889,0.00244994567747943,0.242894614310104,0.0213495266180351,0.00244994567747943,0.156796523358684,0.00139996895855968,0.292593512338973,0.0314993015675927,0.0157496507837964,0.00839981375135806,0.00664985255315847,0.0265994102126339,0.150146670805525,0,0.678634952661804,0.00664985255315847,0,0.0839981375135806,0.0332492627657923,0,0.149796678565885,0.0857480987117802,0.112697501164054,0.012949712866677
0.192079445858072,0.00313599095278485,0.315951088493073,0.0192079445858072,0.00117599660729432,0.212463387051173,0.00195999434549053,0.383766892847046,0.0423358778625954,0.0211679389312977,0.0066639807746678,0.00940797285835454,0.0274399208368674,0.194431439072661,0,0.740093864857224,0.00744797851286401,0,0.0972157195363303,0.0364558948261238,0.00195999434549053,0.204623409669211,0.104271699180096,0.131711620016964,0.0180319479785129
0.177922595777952,0.0017529319781079,0.223498827208757,0.0128548345061246,0.0011686213187386,0.141111024237686,0.000584310659369299,0.266153505342716,0.0315527756059421,0.0146077664842325,0.00964112587959343,0.00934897054990878,0.0189900964295022,0.12884050039093,0,0.739445139431848,0.00613526192337764,0,0.0782976283554861,0.028339066979411,0.000584310659369299,0.130009121709669,0.0747917643992703,0.130885587698723,0.0154842324732864
0.116335600907029,0.00073167044595616,0.242914588057445,0.0204867724867725,0.00219501133786848,0.153650793650794,0.00109750566893424,0.322666666666667,0.0314618291761149,0.0237792894935752,0.00768253968253968,0.00439002267573696,0.0248767951625094,0.140846560846561,0,0.777765684051398,0.0157309145880574,0,0.100604686318972,0.0267059712773999,0,0.158406651549509,0.08194708994709,0.15438246409675,0.0113408919123205
0.172487145049885,0.00201151189562548,0.263508058326938,0.0427446277820414,0.00402302379125096,0.0854892555640829,0.00301726784343822,0.317818879508826,0.032687068303914,0.0140805832693784,0.0100575594781274,0,0.0241381427475058,0.175504412893323,0,0.817679585571758,0.0160920951650038,0.0100575594781274,0.0704029163468918,0.0331899462778204,0,0.23132386799693,0.161926707597851,0.115159056024559,0.0170978511128166
0.143114754098361,0.00318032786885246,0.232618266978923,0.0467962529274005,0.00318032786885246,0.0876861826697892,0.000454332552693208,0.288501170960187,0.0390725995316159,0.00954098360655738,0.00817798594847775,0,0.0272599531615925,0.162651053864169,0,0.863231850117096,0.0163559718969555,0.00817798594847775,0.0672412177985948,0.0345292740046838,0.000454332552693208,0.227166276346604,0.152655737704918,0.0867775175644028,0.013175644028103
0.116135831381733,0.00320374707259953,0.24228337236534,0.048056206088993,0.00280327868852459,0.0909063231850117,0.00120140515222482,0.257100702576112,0.040847775175644,0.0132154566744731,0.00800936768149883,0,0.0232271662763466,0.164192037470726,0,0.814552693208431,0.0116135831381733,0.0152177985948478,0.0592693208430914,0.0324379391100703,0.000800936768149883,0.207843091334895,0.131353629976581,0.0965128805620609,0.0124145199063232
0.095313018149227,0.00512435581447457,0.242894465606095,0.0548306072148779,0.00614922697736948,0.119397490477257,0.000512435581447457,0.26595406677123,0.0363829262827694,0.0112735827918441,0.00512435581447457,0,0.0276715213981627,0.150143625364105,0,0.667191127044589,0.0143481962805288,0.0128108895361864,0.0604673986107999,0.0163979386063186,0.000512435581447457,0.227008962581223,0.155267981178579,0.0978751960564643,0.0128108895361864
0.00605336417157275,0.0514535954583684,0.258432085786375,0.0186257359125315,0.0267744953742641,0.317801619007569,0,0.183463498738436,0.0328278595458368,0.0966210050462574,0.00279386038687973,0.00442361227922624,0.102907190916737,0.34620586627418,0,0.0747357653490328,0.0190913793103448,0.00908004625735912,0.0623962153069806,0.0020953952901598,0.000698465096719933,0.294752270815812,0.128284756097561,0.175081917577796,0
0.0074405684754522,0.0577884151593454,0.270340654608096,0.0245538759689923,0.0476196382428941,0.367564082687339,0,0.154763824289406,0.0431552971576228,0,0.00322424633936262,0.0049603789836348,0.106648148148148,0.332841429801895,0,0.114832773471146,0.0168652885443583,0.013393023255814,0.0798621016365203,0.00272820844099914,0.00024801894918174,0.290430189491817,0.153523729543497,0.210816106804479,0
0.00767432528770751,0.0819286078012018,0.246822894388431,0.0199117629086465,0.0234378042570527,0.284364864039108,0,0.137308198390875,0.0348455850901314,0.0883584479071188,0.00414828393930135,0.00394086974233629,0.0912622466646298,0.294320745493431,0,0.0939586312251757,0.021571076484367,0.00767432528770751,0.0609797739077299,0.00269638456054588,0,0.254082391282208,0.112003666361137,0.165309114981159,0
0.00721984573691891,0.059563727329581,0.27051859495518,0.023013258286429,0.0300074838440692,0.286988868042527,0,0.135823347925787,0.0342942672503648,0.0769364811340421,0.00157934125495101,0.00225620179278716,0.0990472587033563,0.326698019595581,0,0.0999497394204712,0.0232388784657077,0.0108297686053784,0.0706191161142381,0.00157934125495101,0.000225620179278716,0.27593347925787,0.144171294559099,0.183880446112153,0
0.00890995897053338,0.112184483401716,0.208574039537486,0.0263248787765759,0.0192374114136516,0.444687952256621,0,0.12311943304737,0.0157949272659455,0.0609522193211488,0,0.00323998508019396,0.0801896307348005,0.274183737411414,0.000202499067512122,0.016604923535994,0.0125549421857516,0.00789746363297277,0.121094442372249,0.00242998881014547,0.00080999627004849,0.233683923908989,0.0937570682581127,0.304558597538232,0
0.00655370172115622,0.0256686650745285,0.277622086798979,0.0203892942435971,0.0225738614839825,0.36627910730462,0,0.156924746767685,0.0360453594663592,0.079190562463971,0.00163842543028906,0.00364094540064235,0.0826494605945812,0.319675006176398,0,0.062078119080952,0.021663625133822,0.0111048834719592,0.0821033187844849,0.00236661451041752,0.000364094540064235,0.265606966976859,0.146730099645887,0.219731054928766,0
0.0119165342960289,0,0.256589891696751,0.0255628880866426,0.0303679422382672,0.340390036101083,0,0.129544259927798,0.0332509747292419,0.10840202166065,0.00288303249097473,0.00345963898916968,0.0674629602888087,0.302141805054152,0,0.0620812996389892,0.021334440433213,0.0196046209386282,0.0945634657039711,0.00365184115523466,0.000384404332129964,0.289072057761733,0.146650252707581,0.180093429602888,0.000192202166064982
0.0117227542817197,0.0582024466969591,0.282991401607829,0.0261191191890947,0,0.382943306536176,0,0.154041104508913,0.0405154840964698,0.10385948968892,0.00308493533729465,0.00349626004893394,0.0964556448794128,0.341193848304788,0,0.0826762670394967,0.0176869626004893,0.0191265990912268,0.0976896190143307,0.00246794826983572,0.000616987067458931,0.308493533729465,0.15589206571129,0.163912897588256,0.000205662355819643
0.00559231893946778,0.0602249731942684,0.272302914514085,0.0193580270981577,0.0225843649478507,0.343712525587289,0,0.170565727653767,0.0307577541670728,0.115502895019008,0.00279615946973389,0.00279615946973389,0.0914129057413003,0.332527887708354,0,0.0658172921337362,0.0191429379081782,0.00559231893946778,0.0664625597036748,0,0.000645267569938591,0.282627195633103,0.115933073398967,0.179599473632908,0
0.00740185185185185,0.0139225308641975,0.327796296296296,0.0222055555555556,0.0119839506172839,0,0,0.179230555555556,0.0574524691358025,0.0183283950617284,0.00405339506172839,0.00281975308641975,0.11138024691358,0.303652160493827,0,0.264175617283951,0.0148037037037037,0.00775432098765432,0.0519891975308642,0.0045820987654321,0.000704938271604938,0.321451851851852,0.236683024691358,0.0926993827160494,0
0.0078557411456056,0.0771290948841277,0.242278198513336,0.0217818277219064,0.0348152164407521,0.309230537822475,0,0,0.0276736335811106,0.0730226847398338,0.00232101442938347,0.00535618714473109,0.0715943681679056,0.313872566681242,0,0.0848062964582422,0.0207105902929602,0.00410641014429383,0.0637386270223,0.00178539571491036,0.000892697857455181,0.236743471797114,0.104624188893747,0.336904171403585,0
0.00781174068402246,0.0312469627360898,0.277566105155692,0.0244324655436447,0.0127979581419091,0.278397141398673,0,0.105541602858601,0.0413856049004594,0.0641559979581419,0.0036565594691169,0,0.0669815211842777,0.273577131189382,0,0.131303726391016,0.0214407350689127,0.00781174068402246,0.0573415007656968,0.00265931597753956,0.00066482899438489,0.292026135783563,0.165043797856049,0.0877574272588055,0
0.0126849910757748,0.0318886581210449,0.31800567905241,0.0130373519389908,0.0195560279084861,0.369274184650333,0,0.18692743793607,0.0410500405646601,0.073114879117313,0.0042283303585916,0.00264270647411975,0.052501768619179,0.337737887392504,0,0.0947850722050949,0.0221987343826059,0,0.094256530910271,0.00281888690572773,0.000528541294823949,0.216701930877819,0.10306555249067,0.174418627291903,0
0.00709513849170684,0.036931105482474,0.272344162104747,0.0260155078029251,0.0412973445542936,0.357667750633222,0,0.209397548819348,0.0294721137347823,0.112794509355339,0.00254697279189476,0.00145541302393986,0.0873247814363918,0.362033989705041,0.000181926627992483,0.106609004003595,0.0192842225672032,0.0136444970994362,0.0851416619004821,0.00345660593185718,0.000181926627992483,0.281258566876379,0.170101397172972,0,0.000181926627992483
0.00673453086532324,0.0200165222941552,0.270316586122002,0.0248803501413331,0.0301183185921401,0.332610996626242,0,0.0912903072854929,0,0.10064382237622,0.00336726543266162,0.00392847633810523,0.0834333546092824,0.336352402662533,0,0.100082611470776,0.0211389441050424,0.0138432023342756,0.0583659341661348,0.00299312482903255,0.000187070301814535,0.259840649220388,0.151339874167958,0.140115656059086,0
0.0135122738211962,0.0570742312149033,0.444896657456101,0.0256128175416704,0.0219826544255281,0.468896069168375,0,0.16194561012568,0.0320664408592566,0.0927708351903021,0.00363016311614226,0.0100837864337285,0.0885356448881362,0,0,0.0239994117122738,0.03751168553347,0.00968043497637936,0.0843004545859702,0.0040335145734914,0.00100837864337285,0.296261645422943,0.175256208218201,0.209137730635529,0.00020167572867457
0.00811995086857343,0.0585796455518512,0.306624811370416,0.0305464818389191,0.0164332339006843,0.32383137392525,0.000193332163537463,0.121799263028602,0.0347997894367433,0.107106018599754,0.00347997894367433,0.00251331812598702,0.123345920336901,0.372357746973153,0,0.0434997367959291,0.0218465344797333,0.0214598701526584,0.0784928583962099,0.0046399719248991,0,0.337751289699947,0,0.185598876995964,0
0.00997188916876574,0.0496845004198153,0,0.0195938874895046,0.0253670864819479,0.380331351805206,0,0.187541494542401,0.0337644668345928,0.0818744584382872,0.00419869017632242,0.00437363560033585,0.0923711838790932,0.407272947103275,0,0.0376132661628883,0.0243174139378673,0.0101468345927792,0.0598313350125945,0.00279912678421495,0.000349890848026868,0.323823979848867,0.157100990764064,0.170046952141058,0
0.00975005607476636,0.0715004112149533,0.263060336448598,0,0.0231324859813084,0.298810542056075,0,0.110691813084112,0.031735476635514,0.0745592523364486,0.00248530841121495,0.00325001869158879,0.0810592897196262,0.325766579439252,0,0.0808681121495327,0.0300148785046729,0.00879416822429907,0.0535297196261682,0.00286766355140187,0.000382355140186916,0.269942728971963,0.12828014953271,0.175118654205608,0
0.00956323282341498,0.0498788221770271,0.300585533645769,0.0217516668140419,0.0166887788487046,0.343901352904766,0,0.142885949243965,0.0301898134229375,0.0695678309311168,0.00450034485807764,0.00337525864355823,0.0740681757891944,0.357402387478999,0,0.0525040233442391,0,0.0105008046688478,0.0682552303475108,0.00281271553629852,0,0.243018622336192,0.133135202051463,0.185826739764789,0
0.0113445333802445,0.0544537602251737,0.30063013457648,0.0364915823731199,0.0230672178731639,0.306113325710265,0,0.152205822851614,0.0406512446125429,0.0709033336265283,0.00529411557744744,0.00529411557744744,0.10285710264755,0.388739343829712,0,0.0588024980209341,0.0251470489928754,0.0187184800774035,0.0784663558800246,0.00340336001407336,0.000378151112674817,0,0.162983129562846,0.301764587914504,0.000189075556337409
0.00933010628222667,0.025891044933179,0.276404398610965,0.027290560875513,0.0200597285067873,0.367139682205619,0,0.181004061875197,0.03498789855835,0.082571440597706,0.002799031884668,0.00606456908344733,0,0.351745006839945,0,0.0438514995264653,0.0233252657055667,0.00956335893928233,0.0872364937388193,0.004898305798169,0.000466505314111333,0.291565821319583,0.172606966221193,0.197331747869094,0
0.0115307251723134,0.0423492088146782,0.26080403844287,0.0218035530531016,0.0178202116299388,0.390157809921367,0,0.145287137171148,0.0312377827395399,0.100841432870595,0.00293509368022522,0.00670878555480051,0.086165964469469,0.318038365207261,0,0.0733773420056305,0.0228518007960392,0.00901493058926318,0,0.00272544413163771,0.000209649548587516,0.248015415979031,0.147173983108436,0.219712726919717,0.000209649548587516
0.0112191795194628,0.0325356206064421,0.249290168922463,0.0168287692791942,0.0195213723638653,0.418251012485573,0,0.0906509705172595,0.0255797293043752,0.099850697723219,0.00291698667506033,0.00314137026544959,0.0626030217186025,0.306507984471724,0,0.0563202811877033,0.0235602769908719,0.00448767180778512,0.0632761724897702,0.00269260308467107,0.000673150771167768,0.239192907354947,0.121615905990977,0.287884146469416,0
0.00406825302399365,0.0571696609161214,0.23338925242911,0.0201271465397581,0.0201271465397581,0.368926313702161,0.000214118580210192,0.128685266706326,0.032331905611739,0.113268728931192,0.00385413444378346,0.00428237160420385,0.0873603807257585,0.297410707911957,0.000214118580210192,0,0.0192706722189173,0.0141318262938727,0.0715156057902043,0.0027835415427325,0.000642355740630577,0.292914217727543,0.151167717628396,0.235102201070791,0.000642355740630577
0,0.0425855944460515,0.24728446630026,0.024893028637547,0.0166639282614984,0.341713393115418,0.000205727509401215,0.104509574775817,0.0380595892392248,0.104098119757015,0.00370309516922187,0.00493746022562916,0.107184032398033,0.306739716517211,0,0.0520490598785074,0.0183097483367081,0.0218071159965288,0.0816738212322823,0.00308591264101822,0.00082291003760486,0.260039571883136,0.132694243563784,0.220334162568701,0
0.0101482251194011,0.0664637278946689,0.275431405705434,0.0197247192461598,0.0340179940622176,0.349184703756293,0.000142932748160578,0.134928514263586,0.0268713566541887,0.0900476313411643,0.00385918420033561,0.00628904091906544,0.0989094617271202,0.352472156963986,0.000142932748160578,0.0924774880598942,0.0268713566541887,0.00943356137859816,0.053885646056538,0.00300158771137214,0.000714663740802891,0.272286885245902,0.125352020136827,0.16065640893249,0
0.00742777300085985,0.0618981083404987,0.299421782745772,0.0269050444253368,0.0548004585841215,0.33755101748352,0,0.114222642591,0.0249243049584408,0,0.00462172542275724,0.00577715677844655,0.101512897678418,0.35620298079679,0,0.134195098882201,0.03350750931499,0.0105639438234451,0.063548724562912,0.00363135568930926,0.00016506162224133,0.29661573516767,0.178101490398395,0.185859386643737,0.00066024648896532
0.00742294806196117,0.0766562136398682,0.237677086983949,0.0204131071703932,0.0302627882526109,0.332605172776337,0,0.129473344080746,0.0342597602859746,0.0944998387888134,0.00385422303217214,0.00371147403098058,0.0805104366720404,0.309479834583304,0,0.0882188827363847,0.019842111165627,0.0105634260881755,0.0412544613443611,0.00299772902502278,0,0.241245812013738,0.124905376042616,0.145461232214201,0.000285498002383122
0.0061604652601621,0.0528996473426963,0.267578469343562,0.019954550516612,0.0266507084080926,0.371502839819341,0,0.120932611520139,0.0243740147249892,0.0833002041700179,0.00321415578791066,0.00508907999752521,0.100844137845697,0.327709967209058,0,0.0768718925941966,0.0229008599888635,0.00763361999628782,0.0551763410257997,0.00227669368310338,0.000535692631318443,0.272801472498917,0.153074169399245,0.162047020973829,0.000267846315659222
0.00442356136479375,0.107762869914559,0.213313959146721,0.0280158886436938,0.0119190403440276,0.508586680246704,0,0.114152458552594,0.0144994511401573,0.0708998585412777,0,0.00724972557007865,0.0823273920669949,0.295395597804561,0.000122876704577604,0.0138850676172693,0.015851094890511,0.00835561591127709,0.0828188988853053,0.00196602727324167,0.000983013636620834,0.244278888700277,0.106411226164205,0.236660533016466,0
0.0115464075311266,0.0577320376556332,0.237372657151534,0.0238983783783784,0.0252409839052536,0.361697928940176,0,0.16017283935621,0.0332966170665047,0.0777368600060735,0.00523616155481324,0.00725006984512602,0.0972046401457637,0.294433392043729,0,0.116538159732766,0.0189307379289402,0.0191992590343152,0.0746488672942605,0.00362503492256301,0.000671302763437595,0.28302124506529,0.127816046158518,0.173061852414212,0
0.0200039227270042,0,0.236021126011697,0.0304462220121699,0.0363593312459384,0.341953848880487,0,0.105429479529745,0.0246589236131624,0.12178488804868,0.00515824422520234,0.00452919005139718,0.0661764990843032,0.287351946594199,0.000251621669522065,0.107694074555444,0.0251621669522065,0.0244073019436403,0.092470963549359,0.00314527086902582,0.00113229751284929,0.256528292077746,0.165441247710758,0.172738276126898,0.000125810834761033
0.0124520966688439,0.0725603657740039,0.260725382103201,0.0313608360548661,0,0.380941920313521,0,0.164951848465056,0.0341279686479425,0.102998824297845,0.0033820509470934,0.00614918354016982,0.0950048856956238,0.328981319399086,0.000153729588504246,0.0836288961463096,0.0261340300457217,0.017525173089484,0.0914691051600261,0.00276713259307642,0.000461188765512737,0.275637152188112,0.173099516655781,0.188779934683214,0.000153729588504246
0.00851311728395062,0.0686724794238683,0.264332291666667,0.0224178755144033,0.0300796810699588,0.342369200102881,0,0.137344958847737,0.0271000900205761,0.103718145576132,0.00439844393004115,0.00539164094650206,0.0905228137860082,0.343220511831276,0,0.087968878600823,0.0351875514403292,0.00922254372427984,0.0618619855967078,0,0.000709426440329218,0.261068930041152,0.136067991255144,0.166147672325103,0
0.00589658268894986,0.0132032177600399,0.339566250935395,0.033969443751559,0.0106394861561487,0,0,0.135749588426041,0.0402505861810925,0.0223044649538538,0.00423015714642055,0.0057683961087553,0.0910124719381392,0.347257445747069,0,0.275985707158892,0.0271755550012472,0.0149978298827638,0.0473008480917935,0.00371741082564231,0.000512746320778249,0.310596083811424,0.230351284609628,0.0935762035420304,0.000256373160389124
0.0106098668754894,0.0694728269381363,0.230074236491778,0.0206383711824589,0.0425848081440877,0.347509475332811,0.000145340642129992,0,0.0263066562255286,0.0882217697729052,0.00319749412685983,0.00392419733750979,0.0780479248238058,0.327016444792482,0,0.0892391542678152,0.0159874706342991,0.00959248238057948,0.056246828504307,0.00261613155833986,0.000726703210649961,0.218737666405638,0.115109788566954,0.284576977290525,0
0.00428108108108108,0.0373405405405405,0.256032432432432,0.0243783783783784,0.0137945945945946,0.337610810810811,0.000237837837837838,0.119632432432432,0.0348432432432432,0.0826486486486487,0.00202162162162162,0,0.0700432432432432,0.257578378378378,0,0.122962162162162,0.0126054054054054,0.0107027027027027,0.0473297297297297,0.00202162162162162,0.00118918918918919,0.253416216216216,0.158875675675676,0.103459459459459,0.000118918918918919
0.0069008142999007,0.0248716848725588,0.291846938099967,0.0140891625289639,0.0188334723601456,0.416924197285667,0.000143766964581265,0.190203694141013,0.0399672161535915,0.0697269778219133,0.00301910625620655,0.00316287322078782,0.0553502813637868,0.339865104270109,0.000287533929162529,0.0843912082092022,0.0240090830850712,0,0.0865477126779212,0.0020127375041377,0.000575067858325058,0.204867924528302,0.100349341277723,0.191641363786826,0.000143766964581265
0.00931426684280052,0.0763116248348745,0.240046631439894,0.0339889035667107,0.0441202113606341,0.359824834874505,0,0.239229590488771,0.0341523117569353,0.0972278731836195,0.00392179656538969,0.00457542932628798,0.108176221928666,0.303612417437252,0,0.141674900924703,0.025491677675033,0.0227137384412153,0.0803968295904888,0.00326816380449141,0.000163408190224571,0.258675165125495,0.139223778071334,0,0
0.0152083024462565,0.0517082283172721,0.227986279398881,0.0222594244895209,0.0407859020149606,0.321862982680774,0,0.110882350562706,0,0.095259276231552,0.00442423343891098,0.00622157827346856,0.0836456634544107,0.3034747624503,0,0.124155050879439,0.0226741963744188,0.0175586764606779,0.0666400161735966,0.00262688860435339,0.000414771884897904,0.245544955859559,0.156230743311544,0.13134443021767,0.000276514589931936
0.0149071937485635,0.0639622615490692,0.359332705125258,0.0305077453458975,0.0232274879338083,0.472870052861411,0,0.176112893587681,0.0343212135141347,0.0936033095840037,0.00433348655481498,0.00693357848770397,0.0939499885083889,0,0,0.0263475982532751,0.0520018386577798,0.0152538726729487,0.0962034015168926,0.00346678924385199,0.000693357848770398,0.304210756148012,0.169699333486555,0.219621098598023,0.000173339462192599
0.00765970019552466,0.0809055833152292,0.283728061409226,0.0336707654428271,0.0276068361213701,0.319952060250561,0,0.131810674197987,0.0384580780650301,0.0978207545803461,0.00287238757332175,0.00750012310811789,0.121757317691361,0.36686772394815,0,0.0596818306901296,0.0406921572887247,0.0212237526250996,0.0836183938011442,0.00271281048591498,0.00111703961184735,0.308781664132088,0,0.163566514591933,0.000159577087406764
0.0097495756998969,0.046599666904592,0,0.0275962566420811,0.0302402093742565,0.391635498453486,0,0.164255563486399,0.0261090332302324,0.0627938773891665,0.00313969386945832,0.00446167023554604,0.0902248869854866,0.419892743278611,0,0.0444514553096994,0.0380068205250218,0.0104105638829408,0.0654378301213419,0.00264395273217543,0.000660988183043858,0.323223221508446,0.168551986676184,0.151531540962804,0
0.00882729197199153,0.0636231232698258,0.235172382348152,0,0.0349760625305325,0.392731216414265,0,0.129244878684253,0.0314784562774792,0.0901049991858004,0.00366415893177007,0.00516313304022146,0.0696190197036313,0.305291060087934,0,0.0722838625631005,0.0218184009119036,0.0151562937632307,0.060625175052923,0.00183207946588504,0.000333105357433643,0.235005829669435,0.117419638495359,0.149064647451555,0
0.00669814243814394,0.0516713845228247,0.265214544634128,0.0221676618786192,0.0189780702414078,0.390246536812815,0.00015947958186057,0.151665082349402,0.0218487027148981,0.0824509438219147,0.00334907121907197,0.0031895916372114,0.0814940663307513,0.329484816123938,0,0.0430594871023539,0,0.00861189742047079,0.094571392043318,0.00271115289162969,0.00015947958186057,0.261227555087614,0.140501511619162,0.139704113709859,0
0.00654611896866752,0.0445136089869392,0.322359991879272,0.0258935372538404,0.0245843134601069,0.361200297760032,0,0.168017053529133,0.0344762265683156,0.0824810990052108,0.00450954862285985,0.00712799621032686,0.111720430398592,0.418951613994721,0,0.0308394938079448,0.0274936996684036,0.0149833389727279,0.0968825607362793,0.00392767138120051,0.000436407931244502,0,0.162780158354199,0.198274670095419,0
0.0141813573048267,0.0680346128927762,0.259393181081957,0.0274651603498542,0.0321324425008098,0.33065898931001,0.000179510851959832,0.171073841917719,0.0396718982831228,0.0868832523485585,0.00484679300291545,0.00933456430191124,0,0.31934980563654,0,0.100346566245546,0.0301578231292517,0.0150789115646258,0.086344719792679,0.00323119533527697,0.000538532555879495,0.305527470035633,0.145403790087464,0.165509005506965,0.000359021703919663
0.0137346370935686,0.0959707766913109,0.214947070514349,0.0248940297320932,0.0482429127911599,0.319501995389141,0.000171682963669608,0.129105588679545,0.0291861038238334,0.102838095238095,0.0042920740917402,0.00600890372843628,0.10094958263773,0.291345989347325,0,0.0964858255823197,0.025409078623102,0.0169966134032912,0,0.0020601955640353,0.000343365927339216,0.280014913745131,0.151081008029255,0.20584787343986,0
0.0115706006419074,0.0386340394314535,0.227489775332416,0.0188267400275103,0.0196111875286566,0.367513654287024,0.000196111875286566,0.0900153507565337,0.0370651444291609,0.0906036863823934,0.00470668500687758,0.00451057313159101,0.0666780375974324,0.283381659789088,0,0.0633441357175607,0.0254945437872536,0.0117667125171939,0.0668741494727189,0.00235334250343879,0.000980559376432829,0.245335955983494,0.126884383310408,0.334174635488308,0
0.00587806205770278,0.0497675920885502,0.226109453819633,0.0237081836327345,0.02116102340773,0.352683723462167,0,0.131472654690619,0.0297821810923607,0.121088078388677,0.00156748321538741,0.0052902558519325,0.0907180910905462,0.302720195971693,0.000195935401923426,0,0.0346805661404464,0.0137154781346398,0.0701448738885865,0.00293903102885139,0.000391870803846852,0.283518526583197,0.137546652150245,0.25334447468699,0.000195935401923426
0,0.0394786184210526,0.239152697368421,0.0240380921052632,0.0164932894736842,0.355833947368421,0,0.108960986842105,0.0422859868421053,0.109136447368421,0.00228098684210526,0.00456197368421053,0.0803609210526316,0.292668157894737,0,0.0594811184210526,0.0217571052631579,0.0163178289473684,0.0650958552631579,0.00193006578947368,0.000350921052631579,0.277929473684211,0.121945065789474,0.252838618421053,0
0.232492671009772,0.0170757328990228,0.166378935939197,0.0341514657980456,0.00481623235613464,0.358152551574376,0.000437839305103149,0.133978827361564,0.0302109120521173,0.0788110749185668,0.00525407166123779,0.00656758957654723,0.0420325732899023,0.115151737242128,0.00131351791530945,0.412444625407166,0.00744326818675353,0.0420325732899023,0.0564812703583062,0.0267081976112921,0,0.235119706840391,0.10289223669924,0.298606406080348,0.0109459826275787
0.13609577596578,0.0335820745889587,0.230832575858842,0.0339355701109477,0.0130793343135944,0.446111348750167,0.000706991043978078,0.113825558080471,0.0254516775832108,0.141044713273627,0,0.0148468119235396,0.0562057879962572,0.126197901350087,0,0.232246557946799,0.0243911910172437,0.0597407432161476,0.0572662745622243,0.0233307044512766,0.00106048656596712,0.234367531078733,0.111704584948536,0.521052399411843,0.00742340596176982
0.256516361788618,0.013694918699187,0,0.0221225609756098,0.00895436991869919,0.582560772357724,0,0.116406808943089,0.0368709349593496,0.0842764227642276,0.00368709349593496,0.00948109756097561,0.0484589430894309,0.175400304878049,0.000526727642276423,0.34447987804878,0.0426649390243902,0,0.0600469512195122,0.0379243902439024,0.00105345528455285,0.198576321138211,0.0995515243902439,0.430863211382114,0.0168552845528455
0.123739101717305,0.0424962571554381,0,0.0193732937032144,0.00374966974900925,0.803054271246147,0.00249977983267283,0.120614376926464,0.0462459269044474,0.0918669088507265,0,0.0106240642888595,0.0712437252311757,0.141862505504183,0,0.228104909731396,0.029997357992074,0,0.0643693306913254,0.0199982386613826,0.00187483487450462,0.288099625715544,0.102490973139586,0.621195288419199,0.00437461470717746
0.103956923846026,0.0891615564072654,0.201684219296784,0.0307587902016331,0.00817638726878854,0.385847608731878,0.000778703549408432,0.0911083152807865,0.0303694384269289,0.119530994834194,0,0.014406015664056,0.0463328611898017,0.0903296117313781,0,0.250742542909515,0.00700833194467589,0.0467222129645059,0.043218046992168,0.0151847192134644,0,0.167421263122813,0.07203007832028,0.513165639060157,0.00778703549408432
0.209332866068568,0.0147389458506889,0,0.0175273950656841,0.00736947292534444,0.659468239346363,0.000995874719641141,0.0734955543095162,0.0370465395706504,0.0798691525152195,0.00159339955142582,0.00896287247677026,0.0352539650752964,0.161331704581865,0.000199174943928228,0.346763577379045,0.0300754165331624,0,0.0621425825056072,0.0306729413649471,0.000398349887856456,0.174477250881128,0.0603500080102531,0.457704021147068,0.0161331704581865
0.117281836670839,0.276234551001252,0,0.024889392991239,0.00641090425531915,0.744419117647059,0.000754224030037547,0.0844730913642052,0.0173471526908636,0.0554354662077597,0,0.0277177331038798,0.0247008369837297,0.127275305068836,0,0.103894360137672,0.0269635090738423,0,0.0735368429286608,0.0145188125782228,0.000754224030037547,0.18440777534418,0.0527956821026283,0.444049397684605,0.00207411608260325
0.0361720787362086,0.0033648445336008,0.376582184052157,0.0515942828485456,0.033648445336008,0,0.000841211133400201,0.21030278335005,0.0277599674022066,0.00616888164493481,0.00981412988966901,0.00588847793380141,0.132630955366098,0.215910857572718,0.005608074222668,0.288255015045135,0.0257971414242728,0.0257971414242728,0.0675772943831495,0.02804037111334,0.0002804037111334,0.399855692076229,0.196002194082247,0.0858035356068205,0.002804037111334
0.0652419847328244,0.00397531806615776,0,0.0465346055979644,0.0271256997455471,0,0.000467684478371501,0.305865648854962,0.0540175572519084,0.00397531806615776,0.0144982188295165,0.00982137404580153,0.15573893129771,0.32410534351145,0.0105229007633588,0.267047837150127,0.0280610687022901,0,0.0694511450381679,0.0441961832061069,0.000701526717557252,0.49527786259542,0.231269974554707,0.131653180661578,0.00701526717557252
0.0177996731581098,0.00429647283126787,0.409699373553044,0.0515576739752145,0.03897514639793,0,0.00122756366607654,0.227713060057197,0.0365200190657769,0,0.00828605474601661,0.00982050932861228,0.122449475691134,0.189351695492306,0.00521714558082527,0.322235462345091,0.0227099278224159,0.0408164918970448,0.0675160016342094,0.0395889282309683,0,0.359983045076944,0.181065640746289,0.0951361841209315,0.00122756366607654
0.0165727625971421,0.0054336926548007,0.373838054650288,0.0537935572825269,0.0369491100526448,0,0.00108673853096014,0.215445913762848,0.0301569942341439,0.0127691777387816,0.0119541238405615,0.0146709701679619,0.122801453998496,0.180941965404863,0.00706380045124091,0.304830157934319,0.023093193782903,0.0380358485836049,0.0662910503885686,0.0268967786412635,0,0.383075332163449,0.150784971170719,0.0869390824768112,0.00407526949110053
0.0176980210579729,0.00421381453761258,0.407054484333376,0.0553414309273119,0.0390480147152099,0,0.000842762907522517,0.198330204236966,0.0365197259926424,0.00898947101357351,0.0115177597361411,0.00589934035265762,0.129223645820119,0.172485475072942,0,0.307327540276545,0.0235973614106305,0.0426999873144742,0.0629262970950146,0.024440124318153,0.000561841938348345,0.386547253583661,0.175294684764683,0.0997269440568311,0.00393289356843841
0.0244830958842153,0.00584000452284034,0.39622184531886,0.0449231117141565,0.0379600293984622,0,0.00112307779285391,0,0.0339169493441881,0.00718769787426504,0.0116800090456807,0.00943385345997286,0.122640094979647,0.188227838082316,0.00584000452284034,0.279646370420624,0.0172953980099503,0.0458215739484396,0.0633415875169607,0.0276277137042062,0.000224615558570782,0.392852611940299,0.156107813206694,0.107590852555405,0.00628923563998191
0.0248948405589394,0.00276609339543772,0.40988474859668,0.0487838289740834,0.0445089573629524,0,0.000251463035948883,0,0.0462691986145945,0,0.010812910545802,0.00804681715036427,0.138556132807835,0.177532903379912,0.00829828018631315,0.325896094589753,0.0170994864445241,0.0435031052191568,0.0922869341932402,0.0246433775229906,0.00075438910784665,0.379960647318763,0.169234623193598,0.125228591902544,0.00553218679087543
0.023192050149594,0.00331315002137056,0.388632497506767,0.0334628152158427,0.0559922353611626,0,0.000331315002137056,0.245504416583559,0.0265052001709645,0.00629498504060408,0.0106020800683858,0.00828287505342641,0.133519945861234,0.185205086194615,0.00596367003846702,0.423089257729021,0.017559695113264,0.0205415301324975,0.0709014104573301,0.0225294201453198,0.000331315002137056,0.39956589257729,0.194813221256589,0.047046730303462,0.00198789001282234
0.0629911749209695,0.00795034246575342,0,0.0360823234984194,0.0159006849315068,0,0,0.32902186512118,0.0461731427818757,0.00366938883034773,0.0159006849315068,0.0119255136986301,0.150444942044257,0.292633759220232,0.0116197312961012,0.335443295574289,0.0152891201264489,0,0.082867031085353,0.0379170179135933,0.000305782402528978,0.505152528977872,0.233617755532139,0.118032007376185,0.00795034246575342
0.0347046133174082,0.00755942072260376,0.411988429381905,0.0628806360107495,0.0188985518065094,0,0.000687220065691251,0.231936772170797,0.0254271424305763,0,0.013744401313825,0.00755942072260376,0.117171021200358,0.192765228426396,0.0106519110182144,0.372816885637504,0.0223346521349657,0.0377971036130188,0.0786866975216483,0.0195857718722007,0,0.368006345177665,0.16733808599582,0.0955235891310839,0.00343610032845626
0.0325752444134078,0.00423743016759777,0.377131284916201,0.0566756284916201,0.020922311452514,0,0.000794518156424581,0.242592877094972,0.0293971717877095,0.0108584148044693,0.0105935754189944,0.00979905726256983,0.132684532122905,0.197835020949721,0.0116529329608939,0.307478526536313,0.0158903631284916,0.0272784567039106,0.0823650488826816,0.0317807262569832,0,0.411295565642458,0.153342004189944,0.10461155726257,0.00370775139664804
0.0271825615284974,0.00421138277202073,0.397784245466321,0.0666164183937824,0.0176112370466321,0,0.00153141191709845,0.204060637953368,0.0363710330310881,0.00727420660621762,0.0153141191709845,0.00880561852331606,0.123278659326425,0.196020725388601,0,0.419606865284974,0.0294796794041451,0.0375195919689119,0.0907361560880829,0.0264168555699482,0.000382852979274611,0.357201829663212,0.18262087111399,0.108347393134715,0.00612564766839378
0.0395266030013642,0.00744332134441275,0.380636053578073,0.0585199057422796,0.0120633139030138,0,0,0,0.0372166067220637,0.00821332010417959,0.0153999751953367,0.00821332010417959,0.114473148952003,0.200456343792633,0.00692998883790153,0.350862768200422,0.0100099838769689,0.0379866054818306,0.0898331886394642,0.0292599528711398,0,0.379866054818306,0.164779734590103,0.110109822646658,0.00667332258464591
0.0386880707762557,0.00936001712328767,0.363792665525114,0.0586561073059361,0.0112320205479452,0,0.00124800228310502,0,0.0371280679223744,0,0.0174720319634703,0.0102960188356164,0.121368222031963,0.187200342465753,0.00530400970319635,0.418704765981735,0.0131040239726027,0.0371280679223744,0.128856235730594,0.0327600599315069,0.000624001141552512,0.38750470890411,0.177216324200913,0.124800228310502,0.00405600742009132
0.147515419708029,0.0627951642335766,0.192217062043796,0.0159648722627737,0.0466174270072993,0.441056204379562,0.000638594890510949,0.0223508211678832,0.0478946167883212,0.0210736313868613,0.0012771897810219,0.00745027372262774,0.0630080291970803,0.149005474452555,0.00447016423357664,0.168801916058394,0.024905200729927,0.0119204379562044,0.0994079379562044,0.00298010948905109,0.000851459854014599,0.18604397810219,0.103665237226277,0.507044343065693,0.00234151459854015
0.107036701088473,0.12521595032096,0.187908875244209,0.014441459670667,0.0389069913480324,0.621662363940832,0.000339799051074519,0.0246354312029026,0.0147812587217416,0.0151210577728161,0,0.0105337705833101,0.0732266955065587,0.158346357800726,0.00798527770025119,0.0630327239743232,0.0231063354730673,0.013761861568518,0.134730323751047,0.00220869383198437,0.00101939715322356,0.183661387105777,0.0601444320401898,0.549624965113034,0.00186889478090985
0.07193527696793,0.0696709704289879,0.208142024156601,0.00905722615576843,0.0221205331112037,0.300107705122865,0.00017417742607247,0.0163726780508122,0.0271716784673053,0.0141083715118701,0.000696709704289879,0.00870887130362349,0.0790765514369013,0.139864473136193,0.00505114535610162,0.0754188254893794,0.0172435651811745,0.00278683881715952,0.105899875052062,0.00121924198250729,0.000696709704289879,0.190898458975427,0.0797732611411912,0.642540524781341,0.00226430653894211
0.120204131824889,0.0992405312346286,0.200788981800295,0.00827004426955239,0.0421195277914412,0.642370880472209,0.000576979832759469,0.0198096409247418,0.0165400885391048,0.0105779636005903,0,0.00807771765863256,0.070583866207575,0.188287752090507,0.00634677816035416,0.0442351205115593,0.0171170683718642,0.00442351205115593,0.158477127397934,0.00173093949827841,0.00134628627643876,0.233484505656665,0.0592365961633055,0.389076733890802,0.00307722577471717
